aves-barn-swallow-contact-network.edges,0.675857843,0.389705882,0.548234445,-0.310346661,3.117647059,1
aves-barn-swallow-non-physical.edges,0.948529412,0.897058824,0.928954052,-0.152796855,7.176470588,1
aves-songbird-social.edges,0.504751182,0.171309425,0.642906452,0.000265683,9.336363636,1
aves-sparrow-social-2009.edges,0.678136201,0.453763441,0.769342791,0.288600346,6.806451613,3
aves-sparrow-social-2010.edges,0.689316239,0.391025641,0.708251302,-0.115917964,7.625,3
aves-sparrowlyon-flock-season2.edges,0.652254428,0.336231884,0.687707408,-0.099807602,7.565217391,3
aves-sparrowlyon-flock-season3.edges,0.720322887,0.467236467,0.744545517,0.07090312,6.074074074,3
aves-thornbill-farine.edges,0.80433633,0.60867266,0.780759441,-0.052011443,18.56451613,3
aves-weaver-social-00.edges,0.351120448,0.183006536,0.598148148,0.403100775,1.555555556,1
aves-weaver-social-01.edges,0.785714286,0.571428571,0.914285714,-0.333333333,1.714285714,1
aves-weaver-social-03.edges,0.50385211,0.176538908,0.827684336,-0.004775081,3.619047619,1
aves-weaver-social-04.edges,0.255446623,0.176470588,0.731481481,0.470068695,1.5,1
aves-weaver-social-05.edges,0.510042735,0.243589744,0.425641026,0.090425532,1.461538462,1
aves-weaver-social-06.edges,0.615009747,0.374269006,0.829281537,0.152607153,3.368421053,1
aves-weaver-social-07.edges,0.305555556,0.277777778,0.481481481,0.534883721,1.111111111,1
aves-weaver-social-08.edges,0.631393298,0.30952381,0.697612642,-0.111879758,4.178571429,1
aves-weaver-social-09.edges,0.762626263,0.545454545,0.648544974,-0.034666667,3,1
aves-weaver-social-10.edges,0.390833333,0.175,0.31875,0.088122605,1.3125,1
aves-weaver-social-11.edges,0.406345993,0.133603239,0.625818918,0.03466415,2.538461538,1
aves-weaver-social-12.edges,0.451199495,0.176136364,0.644938563,0.12899414,2.818181818,1
aves-weaver-social-13.edges,0.461362007,0.251612903,0.661556633,0.260468326,3.774193548,1
aves-weaver-social-14.edges,0.845454545,0.690909091,0.847041847,-0.393809268,3.454545455,1
aves-weaver-social-15.edges,0.247364954,0.169960474,0.613664596,0.21998532,1.869565217,1
aves-weaver-social-16.edges,0.39917328,0.087797619,0.604521347,-0.029052051,2.765625,1
aves-weaver-social-17.edges,0.8,0.6,0.9,-0.363636364,1.5,1
aves-weaver-social-18.edges,0.866666667,0.733333333,0.766666667,-0.447368421,1.833333333,1
aves-weaver-social-19.edges,0.761029412,0.522058824,0.801803752,-0.228446187,4.176470588,1
aves-weaver-social-20.edges,0.840659341,0.681318681,0.861430236,-0.224328594,4.428571429,1
aves-weaver-social-21.edges,0.818681319,0.637362637,0.822924694,-0.345125786,4.142857143,1
aves-weaver-social-22.edges,0.560386473,0.224637681,0.693127706,-0.18374239,2.583333333,1
aves-wildbird-network-1.edges,0.466719515,0.169583089,0.803054678,0.207071225,11.02290076,1
aves-wildbird-network-2.edges,0.295835637,0.163957988,0.75362138,0.259828044,10.98518519,1
aves-wildbird-network-3.edges,0.519367196,0.205079365,0.768237611,0.370435042,12.81746032,1
aves-wildbird-network-4.edges,0.385830109,0.222111664,0.821322667,0.214652851,14.88148148,1
aves-wildbird-network-5.edges,0.567728289,0.240613027,0.785267008,0.259785584,17.32413793,1
aves-wildbird-network-6.edges,0.503000484,0.257300925,0.806108285,0.460141063,19.04026846,1
insecta-ant-colony1-day01.edges,0.859513274,0.719026549,0.798846664,-0.030060522,40.26548673,4
insecta-ant-colony1-day02.edges,0.861330594,0.722661188,0.809711163,0.019803092,40.46902655,4
insecta-ant-colony1-day03.edges,0.854113991,0.708438685,0.813039017,0.071673572,39.67256637,4
insecta-ant-colony1-day04.edges,0.823377581,0.646965866,0.771434772,0.069785094,36.2300885,4
insecta-ant-colony1-day05.edges,0.827828698,0.655657396,0.770969902,0.049265825,36.71681416,4
insecta-ant-colony1-day06.edges,0.836388538,0.673040455,0.789484084,0.060553841,37.69026549,4
insecta-ant-colony1-day07.edges,0.822060683,0.644279393,0.764535803,0.048840641,36.07964602,4
insecta-ant-colony1-day08.edges,0.821718289,0.644121365,0.759407252,0.098460133,36.07079646,4
insecta-ant-colony1-day09.edges,0.82611673,0.652338812,0.771389777,0.049166123,36.53097345,4
insecta-ant-colony1-day10.edges,0.811314791,0.623103666,0.751024715,0.082329393,34.89380531,4
insecta-ant-colony1-day11.edges,0.772756005,0.545828066,0.69329214,0.101343751,30.56637168,4
insecta-ant-colony1-day12.edges,0.834776335,0.66955267,0.772936774,0.024698142,32.80808081,4
insecta-ant-colony1-day13.edges,0.835188621,0.670377242,0.778774713,0.056171796,32.84848485,4
insecta-ant-colony1-day14.edges,0.850271422,0.700680272,0.79020468,0.01359934,34.33333333,4
insecta-ant-colony1-day15.edges,0.840239126,0.680478252,0.78638662,0.049923111,33.34343434,4
insecta-ant-colony1-day16.edges,0.850133993,0.700267986,0.801722083,0.041592493,34.31313131,4
insecta-ant-colony1-day17.edges,0.844465059,0.688930118,0.793325909,0.009871285,33.75757576,4
insecta-ant-colony1-day18.edges,0.852813853,0.705627706,0.790324923,0.026277943,34.57575758,4
insecta-ant-colony1-day19.edges,0.829416615,0.65883323,0.780817812,0.033517185,32.28282828,4
insecta-ant-colony1-day20.edges,0.824297396,0.64873222,0.773128275,0.032762188,31.78787879,4
insecta-ant-colony1-day21.edges,0.836631622,0.673263245,0.794360382,0.009094588,32.98989899,4
insecta-ant-colony1-day22.edges,0.859018987,0.718037975,0.793865158,-0.022041156,28.3625,4
insecta-ant-colony1-day23.edges,0.855379747,0.710759494,0.792778991,0.016165525,28.075,4
insecta-ant-colony1-day24.edges,0.875316456,0.750632911,0.823970167,0.007155778,29.65,4
insecta-ant-colony1-day25.edges,0.834968354,0.669936709,0.76183394,0.004715127,26.4625,4
insecta-ant-colony1-day26.edges,0.838080169,0.676265823,0.776351739,0.01907108,26.7125,4
insecta-ant-colony1-day27.edges,0.818037975,0.636075949,0.776820729,0.071885137,25.125,4
insecta-ant-colony1-day28.edges,0.838924051,0.678164557,0.789051115,0.062401628,26.7875,4
insecta-ant-colony1-day29.edges,0.851265823,0.702848101,0.81041907,0.054997319,27.7625,4
insecta-ant-colony1-day30.edges,0.851265823,0.702531646,0.813112656,0.008533702,27.75,4
insecta-ant-colony1-day31.edges,0.797732068,0.59556962,0.732016488,0.09597595,23.525,4
insecta-ant-colony1-day32.edges,0.852922078,0.707792208,0.795431034,0.010204004,19.46428571,4
insecta-ant-colony1-day33.edges,0.850541126,0.702597403,0.781916475,-0.008918095,19.32142857,4
insecta-ant-colony1-day34.edges,0.862337662,0.725974026,0.816148005,-0.009233186,19.96428571,4
insecta-ant-colony1-day35.edges,0.892640693,0.785714286,0.870735157,0.001321053,21.60714286,4
insecta-ant-colony1-day36.edges,0.850757576,0.703246753,0.830976893,0.080119827,19.33928571,4
insecta-ant-colony1-day37.edges,0.88989899,0.77979798,0.858718742,0.003882168,21.05454545,4
insecta-ant-colony1-day38.edges,0.866125541,0.736363636,0.815090129,7.95E-05,20.25,4
insecta-ant-colony1-day39.edges,0.872390572,0.744781145,0.822736553,-0.012636379,20.10909091,4
insecta-ant-colony1-day40.edges,0.868350168,0.736700337,0.809448324,-0.02873219,19.89090909,4
insecta-ant-colony1-day41.edges,0.88013468,0.76026936,0.83038386,-0.006362027,20.52727273,4
insecta-ant-colony2-day01.edges,0.887022901,0.774045802,0.832517488,0.021628813,50.3129771,4
insecta-ant-colony2-day02.edges,0.879565473,0.759130945,0.827621267,0.028843323,49.34351145,4
insecta-ant-colony2-day03.edges,0.88150323,0.763006459,0.820681193,0.015475701,49.59541985,4
insecta-ant-colony2-day04.edges,0.863945978,0.727891955,0.805614458,0.03616866,47.3129771,4
insecta-ant-colony2-day05.edges,0.847935017,0.695948326,0.780788871,0.022209501,45.23664122,4
insecta-ant-colony2-day06.edges,0.84997064,0.69994128,0.78571968,-0.001288252,45.49618321,4
insecta-ant-colony2-day07.edges,0.869504795,0.739048738,0.822164934,-0.009316317,48.03816794,4
insecta-ant-colony2-day08.edges,0.856880016,0.713799178,0.804459551,0.023934297,46.39694656,4
insecta-ant-colony2-day09.edges,0.874339401,0.748678802,0.823208585,0.026575739,48.66412214,4
insecta-ant-colony2-day10.edges,0.833450773,0.666940693,0.790063528,0.070878391,43.35114504,4
insecta-ant-colony2-day11.edges,0.834899197,0.669876688,0.773952203,0.007866376,43.54198473,4
insecta-ant-colony2-day12.edges,0.811766312,0.623751024,0.744936892,0.067487171,34.30630631,4
insecta-ant-colony2-day13.edges,0.821703522,0.643570844,0.755689408,0.076772481,35.3963964,4
insecta-ant-colony2-day14.edges,0.821840022,0.643734644,0.760695719,0.035218512,35.40540541,4
insecta-ant-colony2-day15.edges,0.824979525,0.650614251,0.782722197,0.10431117,35.78378378,4
insecta-ant-colony2-day16.edges,0.830630631,0.661916462,0.806897887,0.158524035,36.40540541,4
insecta-ant-colony2-day17.edges,0.820829921,0.642260442,0.789220896,0.148108137,35.32432432,4
insecta-ant-colony2-day18.edges,0.812612613,0.626535627,0.769674913,0.073607006,34.45945946,4
insecta-ant-colony2-day19.edges,0.806442806,0.613104013,0.765115016,0.152063397,33.72072072,4
insecta-ant-colony2-day20.edges,0.819328419,0.639148239,0.772361568,0.067915734,35.15315315,4
insecta-ant-colony2-day21.edges,0.814387114,0.629484029,0.790376347,0.150813265,34.62162162,4
insecta-ant-colony2-day22.edges,0.81244278,0.625967541,0.773445892,0.131600656,27.85555556,4
insecta-ant-colony2-day23.edges,0.825093633,0.650436954,0.783894376,0.109378049,28.94444444,4
insecta-ant-colony2-day24.edges,0.787848523,0.57752809,0.743007005,0.189909346,25.7,4
insecta-ant-colony2-day25.edges,0.789679567,0.583270911,0.759077433,0.116248073,25.95555556,4
insecta-ant-colony2-day26.edges,0.798689139,0.600357508,0.747620329,0.105772321,26.41573034,4
insecta-ant-colony2-day27.edges,0.804051753,0.6113381,0.784862946,0.232176688,26.8988764,4
insecta-ant-colony2-day28.edges,0.785876001,0.573406479,0.74025359,0.145229952,24.94318182,4
insecta-ant-colony2-day29.edges,0.801498127,0.605975485,0.753602951,0.117310134,26.66292135,4
insecta-ant-colony2-day30.edges,0.813044235,0.627220481,0.762722541,0.098806611,27.28409091,4
insecta-ant-colony2-day31.edges,0.76806558,0.536754878,0.680356725,0.02786413,23.08045977,4
insecta-ant-colony2-day32.edges,0.806412583,0.614035088,0.717704712,0.015918673,17.5,4
insecta-ant-colony2-day33.edges,0.825670498,0.656987296,0.780972068,0.087701739,18.72413793,4
insecta-ant-colony2-day34.edges,0.819721718,0.641863279,0.765006077,0.086890278,18.29310345,4
insecta-ant-colony2-day35.edges,0.798648921,0.599516031,0.74982912,0.095144257,17.0862069,4
insecta-ant-colony2-day36.edges,0.805001008,0.614035088,0.780908302,0.205337018,17.5,4
insecta-ant-colony2-day37.edges,0.778685219,0.561403509,0.706114665,0.084166584,16,4
insecta-ant-colony2-day38.edges,0.787457149,0.582577132,0.762993536,0.168494824,16.60344828,4
insecta-ant-colony2-day39.edges,0.761847147,0.531760436,0.702447432,0.167090719,15.15517241,4
insecta-ant-colony2-day40.edges,0.767896753,0.541439806,0.707373295,0.093139456,15.43103448,4
insecta-ant-colony2-day41.edges,0.781105062,0.56261343,0.701899894,0.022802506,16.03448276,4
insecta-ant-colony3-day01.edges,0.937853774,0.875707547,0.896994896,-0.034964684,69.61875,4
insecta-ant-colony3-day02.edges,0.886949686,0.773899371,0.824946807,-0.025377146,61.525,4
insecta-ant-colony3-day03.edges,0.861281447,0.722562893,0.8031983,0.021070191,57.44375,4
insecta-ant-colony3-day04.edges,0.857389937,0.714779874,0.785800189,0.005497306,56.825,4
insecta-ant-colony3-day05.edges,0.848335954,0.69677673,0.779082429,0.017598065,55.39375,4
insecta-ant-colony3-day06.edges,0.846658805,0.693632075,0.779181864,0.005281527,55.14375,4
insecta-ant-colony3-day07.edges,0.841574948,0.683176101,0.774715691,-0.00759594,54.3125,4
insecta-ant-colony3-day08.edges,0.837632354,0.675264708,0.764126848,0.007799096,53.34591195,4
insecta-ant-colony3-day09.edges,0.849109015,0.698349057,0.78390172,0.001083161,55.51875,4
insecta-ant-colony3-day10.edges,0.860082796,0.720165592,0.786906867,-0.020842102,56.89308176,4
insecta-ant-colony3-day11.edges,0.832154088,0.664386792,0.759666193,0.010595969,52.81875,4
insecta-ant-colony3-day12.edges,0.824366768,0.648834853,0.759724811,0.037450525,45.41843972,4
insecta-ant-colony3-day13.edges,0.828064843,0.656231003,0.768150507,-0.013452372,45.93617021,4
insecta-ant-colony3-day14.edges,0.834701114,0.669402229,0.765989124,-0.011575349,46.85815603,4
insecta-ant-colony3-day15.edges,0.824214792,0.648733536,0.768257729,0.022358952,45.41134752,4
insecta-ant-colony3-day16.edges,0.855876393,0.711752786,0.806734767,0.031246471,49.82269504,4
insecta-ant-colony3-day17.edges,0.84096589,0.681965552,0.788830726,0.027558289,47.73758865,4
insecta-ant-colony3-day18.edges,0.834701114,0.669604863,0.784356867,0.050456206,46.87234043,4
insecta-ant-colony3-day19.edges,0.824991557,0.650151976,0.776531803,0.049918008,45.5106383,4
insecta-ant-colony3-day20.edges,0.822036474,0.645187437,0.780760819,0.02210448,45.16312057,4
insecta-ant-colony3-day21.edges,0.832973621,0.665981501,0.778070455,0.025668351,46.28571429,4
insecta-ant-colony3-day22.edges,0.857284516,0.714569031,0.810406836,0.008938922,40.73043478,4
insecta-ant-colony3-day23.edges,0.853775744,0.708924485,0.814081932,0.02516594,40.40869565,4
insecta-ant-colony3-day24.edges,0.840325451,0.682990084,0.797004546,0.028022634,38.93043478,4
insecta-ant-colony3-day25.edges,0.837935418,0.677345538,0.784474235,0.00829141,38.60869565,4
insecta-ant-colony3-day26.edges,0.84502924,0.691838291,0.78278778,0.000146444,39.43478261,4
insecta-ant-colony3-day27.edges,0.846453089,0.693363844,0.80205953,0.009257918,39.52173913,4
insecta-ant-colony3-day28.edges,0.853114671,0.706941266,0.814800017,0.009105455,40.29565217,4
insecta-ant-colony3-day29.edges,0.857767607,0.71624714,0.81598047,-0.011105452,40.82608696,4
insecta-ant-colony3-day30.edges,0.827943046,0.659191457,0.770369378,0.032541625,37.57391304,4
insecta-ant-colony3-day31.edges,0.816653954,0.634782609,0.747352478,0.025067695,36.1826087,4
insecta-ant-colony3-day32.edges,0.834191863,0.669652856,0.760583251,-0.016255085,31.47368421,4
insecta-ant-colony3-day33.edges,0.833333333,0.666741321,0.77240581,-0.004416183,31.33684211,4
insecta-ant-colony3-day34.edges,0.874318776,0.749832027,0.827245056,-0.031533139,35.24210526,4
insecta-ant-colony3-day35.edges,0.826017171,0.652855543,0.790392229,0.019606391,30.68421053,4
insecta-ant-colony3-day36.edges,0.846373827,0.692747655,0.791280469,-0.005346831,32.21276596,4
insecta-ant-colony3-day37.edges,0.838442767,0.6792496,0.804208546,0.045902846,31.58510638,4
insecta-ant-colony3-day38.edges,0.841073744,0.682910089,0.800871352,-0.022055305,31.75531915,4
insecta-ant-colony3-day39.edges,0.857526882,0.715053763,0.797235372,-0.045921902,32.89247312,4
insecta-ant-colony3-day40.edges,0.833411251,0.666900421,0.781007665,0.002858209,30.67741935,4
insecta-ant-colony3-day41.edges,0.841798216,0.684511553,0.802831262,-0.008872895,31.82978723,4
insecta-ant-colony4-day01.edges,0.914385556,0.828771112,0.859198999,-0.046237635,41.85294118,4
insecta-ant-colony4-day02.edges,0.902737333,0.805474665,0.848327009,-0.045323682,40.67647059,4
insecta-ant-colony4-day03.edges,0.893580535,0.787225781,0.837544942,-0.009839944,39.75490196,4
insecta-ant-colony4-day04.edges,0.864330551,0.728790526,0.812421168,0.069280831,36.80392157,4
insecta-ant-colony4-day05.edges,0.881252831,0.762764512,0.831527794,0.046679504,38.51960784,4
insecta-ant-colony4-day06.edges,0.878729049,0.757716948,0.838565026,0.048028183,38.26470588,4
insecta-ant-colony4-day07.edges,0.868472141,0.73713842,0.820270982,0.039172331,37.2254902,4
insecta-ant-colony4-day08.edges,0.874328609,0.748786643,0.817835721,-0.006527317,37.81372549,4
insecta-ant-colony4-day09.edges,0.887044587,0.774218598,0.848280043,0.012537508,39.09803922,4
insecta-ant-colony4-day10.edges,0.891768589,0.783537177,0.845045122,-0.015139647,39.56862745,4
insecta-ant-colony4-day11.edges,0.848670161,0.697340322,0.772772987,-0.045623107,35.21568627,4
insecta-ant-colony4-day12.edges,0.89180619,0.78652968,0.843307303,-0.018935511,28.31506849,4
insecta-ant-colony4-day13.edges,0.902270421,0.806316591,0.856434515,-0.013089949,29.02739726,4
insecta-ant-colony4-day14.edges,0.900240994,0.801750381,0.845481401,-0.026155471,28.8630137,4
insecta-ant-colony4-day15.edges,0.906456114,0.815829528,0.862668395,-0.023254857,29.36986301,4
insecta-ant-colony4-day16.edges,0.898338407,0.79718417,0.853287469,-0.061893189,28.69863014,4
insecta-ant-colony4-day17.edges,0.897450533,0.794901065,0.841095199,-0.014410795,28.61643836,4
insecta-ant-colony4-day18.edges,0.884576357,0.769406393,0.851436261,0.053123521,27.69863014,4
insecta-ant-colony4-day19.edges,0.888318113,0.776636225,0.840177638,-0.006494214,27.95890411,4
insecta-ant-colony4-day20.edges,0.915525114,0.831050228,0.866883071,-0.012906866,29.91780822,4
insecta-ant-colony4-day21.edges,0.903348554,0.806697108,0.853710415,-0.03761378,29.04109589,4
insecta-ant-colony4-day22.edges,0.915488215,0.830976431,0.881871052,-0.075193863,22.43636364,4
insecta-ant-colony4-day23.edges,0.913468013,0.826936027,0.882327073,-0.071220874,22.32727273,4
insecta-ant-colony4-day24.edges,0.892929293,0.785858586,0.867981046,-0.039764927,21.21818182,4
insecta-ant-colony4-day25.edges,0.905387205,0.810774411,0.867474339,-0.063533589,21.89090909,4
insecta-ant-colony4-day26.edges,0.917508418,0.835016835,0.866818336,-0.068603982,22.54545455,4
insecta-ant-colony4-day27.edges,0.926262626,0.852525253,0.877474683,-0.04211235,23.01818182,4
insecta-ant-colony4-day28.edges,0.92962963,0.859259259,0.88509712,-0.070397925,23.2,4
insecta-ant-colony4-day29.edges,0.928282828,0.856565657,0.885170997,-0.059147319,23.12727273,4
insecta-ant-colony4-day30.edges,0.921548822,0.843097643,0.877800949,-0.014984536,22.76363636,4
insecta-ant-colony4-day31.edges,0.911111111,0.822222222,0.876235316,-0.05654569,22.2,4
insecta-ant-colony4-day32.edges,0.917647059,0.835294118,0.866327859,-0.122723138,14.2,4
insecta-ant-colony4-day33.edges,0.911764706,0.823529412,0.850105155,-0.075754504,14,4
insecta-ant-colony4-day34.edges,0.924089636,0.848739496,0.913240537,-0.077507008,14.42857143,4
insecta-ant-colony4-day35.edges,0.921008403,0.842016807,0.900267472,-0.044793313,14.31428571,4
insecta-ant-colony4-day36.edges,0.910084034,0.820168067,0.867283575,-0.036074733,13.94285714,4
insecta-ant-colony4-day37.edges,0.906442577,0.813445378,0.885065736,-0.064060126,13.82857143,4
insecta-ant-colony4-day38.edges,0.903361345,0.806722689,0.853173126,-0.121431938,13.71428571,4
insecta-ant-colony4-day39.edges,0.913445378,0.826890756,0.867277752,-0.091029491,14.05714286,4
insecta-ant-colony4-day40.edges,0.907563025,0.81512605,0.878156543,-0.048989888,13.85714286,4
insecta-ant-colony4-day41.edges,0.919887955,0.840336134,0.907587384,-0.055519967,14.28571429,4
insecta-ant-colony5-day01.edges,0.894431858,0.788863716,0.826808915,-0.013232702,59.55921053,4
insecta-ant-colony5-day02.edges,0.898265946,0.796531893,0.838110311,-0.004806106,60.13815789,4
insecta-ant-colony5-day03.edges,0.876176368,0.752352736,0.810572981,-0.001384757,56.80263158,4
insecta-ant-colony5-day04.edges,0.873213663,0.746427327,0.796874873,-0.019507,56.35526316,4
insecta-ant-colony5-day05.edges,0.86641687,0.73283374,0.793015793,-0.033679863,55.32894737,4
insecta-ant-colony5-day06.edges,0.865066225,0.73013245,0.802123986,0.005905055,55.125,4
insecta-ant-colony5-day07.edges,0.852605437,0.705210875,0.778221957,0.014614372,53.24342105,4
insecta-ant-colony5-day08.edges,0.849947717,0.699895434,0.776955443,0.009055231,52.84210526,4
insecta-ant-colony5-day09.edges,0.841364587,0.682729174,0.768636156,0.018971141,51.54605263,4
insecta-ant-colony5-day10.edges,0.838924712,0.677849425,0.7728094,0.038555528,51.17763158,4
insecta-ant-colony5-day11.edges,0.792494481,0.585221331,0.697042207,0.083374343,44.18421053,4
insecta-ant-colony5-day12.edges,0.844991266,0.690020506,0.796575307,0.06203447,45.54135338,4
insecta-ant-colony5-day13.edges,0.841478697,0.682957393,0.794091282,0.044262361,45.07518797,4
insecta-ant-colony5-day14.edges,0.855149237,0.710298473,0.795239556,-0.002297557,46.87969925,4
insecta-ant-colony5-day15.edges,0.841193894,0.682387788,0.770036679,-0.024071569,45.03759398,4
insecta-ant-colony5-day16.edges,0.83752943,0.675096833,0.786656513,-0.016176696,44.55639098,4
insecta-ant-colony5-day17.edges,0.846434267,0.692868535,0.791595636,-0.001216651,45.72932331,4
insecta-ant-colony5-day18.edges,0.851997418,0.704032809,0.791064549,0.00171902,46.46616541,4
insecta-ant-colony5-day19.edges,0.83008658,0.66017316,0.763938192,0.034038313,43.57142857,4
insecta-ant-colony5-day20.edges,0.836447179,0.672932331,0.778367838,0.000668836,44.41353383,4
insecta-ant-colony5-day21.edges,0.842528337,0.685056674,0.785516021,0.023750527,44.87121212,4
insecta-ant-colony5-day22.edges,0.875,0.75,0.815700706,-0.000335699,33,4
insecta-ant-colony5-day23.edges,0.87602145,0.752042901,0.825593314,-0.018041872,33.08988764,4
insecta-ant-colony5-day24.edges,0.884959142,0.773493361,0.839223013,-0.020725413,34.03370787,4
insecta-ant-colony5-day25.edges,0.872318693,0.744637385,0.815948287,0.003339734,32.76404494,4
insecta-ant-colony5-day26.edges,0.827332312,0.655771195,0.777794446,0.124609609,28.85393258,4
insecta-ant-colony5-day27.edges,0.864657814,0.729315628,0.848265361,0.173335571,32.08988764,4
insecta-ant-colony5-day28.edges,0.877425945,0.75485189,0.834537527,0.030882517,33.21348315,4
insecta-ant-colony5-day29.edges,0.865040858,0.731869254,0.832612325,0.021184926,32.20224719,4
insecta-ant-colony5-day30.edges,0.865125979,0.730592441,0.827462277,0.069252788,32.14606742,4
insecta-ant-colony5-day31.edges,0.82614062,0.652706844,0.785552648,0.019592993,28.71910112,4
insecta-ant-colony5-day32.edges,0.85990676,0.720745921,0.801157546,-0.035896863,23.42424242,4
insecta-ant-colony5-day33.edges,0.846153846,0.692307692,0.785585285,-0.030664434,22.5,4
insecta-ant-colony5-day34.edges,0.832167832,0.664335664,0.782572046,-0.017417432,21.59090909,4
insecta-ant-colony5-day35.edges,0.850582751,0.702097902,0.80468176,0.004679596,22.81818182,4
insecta-ant-colony5-day36.edges,0.862237762,0.724475524,0.82381274,-0.058371842,23.54545455,4
insecta-ant-colony5-day37.edges,0.847785548,0.695571096,0.788647058,-0.067077659,22.60606061,4
insecta-ant-colony5-day38.edges,0.865811966,0.731934732,0.816108249,-0.035819553,23.78787879,4
insecta-ant-colony5-day39.edges,0.84988345,0.6997669,0.808063968,-0.039744607,22.74242424,4
insecta-ant-colony5-day40.edges,0.852447552,0.704895105,0.794193322,-0.042957308,22.90909091,4
insecta-ant-colony5-day41.edges,0.851515152,0.703030303,0.794369451,-0.055261603,22.84848485,4
insecta-ant-colony6-day01.edges,0.901428999,0.802857998,0.853606281,-0.018659127,65.43292683,4
insecta-ant-colony6-day02.edges,0.884258567,0.768517133,0.829682913,0.003384806,62.63414634,4
insecta-ant-colony6-day03.edges,0.877412839,0.754900494,0.837608815,0.058354694,61.52439024,4
insecta-ant-colony6-day04.edges,0.885792309,0.771584618,0.838722402,-0.007915095,62.88414634,4
insecta-ant-colony6-day05.edges,0.874270537,0.748541074,0.825900741,0.02174589,61.00609756,4
insecta-ant-colony6-day06.edges,0.863821138,0.727667215,0.810695628,0.024890088,59.30487805,4
insecta-ant-colony6-day07.edges,0.868821388,0.737692653,0.815779275,-0.0047577,60.12195122,4
insecta-ant-colony6-day08.edges,0.861464412,0.72302858,0.815828983,0.05758501,58.92682927,4
insecta-ant-colony6-day09.edges,0.903025089,0.806075116,0.86940595,0.023041971,65.69512195,4
insecta-ant-colony6-day10.edges,0.849880293,0.699835403,0.809949737,0.029653414,57.03658537,4
insecta-ant-colony6-day11.edges,0.800014963,0.601675894,0.735994,0.064006619,49.03658537,4
insecta-ant-colony6-day12.edges,0.826077678,0.652516498,0.771052323,0.076416084,46.32867133,4
insecta-ant-colony6-day13.edges,0.848074461,0.696148922,0.796034148,0.042198586,49.42657343,4
insecta-ant-colony6-day14.edges,0.846547818,0.693095637,0.790519639,0.01610737,49.20979021,4
insecta-ant-colony6-day15.edges,0.849469779,0.699103713,0.803054617,0.074921775,49.63636364,4
insecta-ant-colony6-day16.edges,0.825519551,0.651137595,0.770708358,0.075846764,46.23076923,4
insecta-ant-colony6-day17.edges,0.853491579,0.706983158,0.803205667,0.01662702,50.1958042,4
insecta-ant-colony6-day18.edges,0.847729735,0.69545947,0.793443089,0.029697376,49.37762238,4
insecta-ant-colony6-day19.edges,0.855018221,0.710036442,0.797704097,0.031210111,50.41258741,4
insecta-ant-colony6-day20.edges,0.832890115,0.66581306,0.769793428,0.028728307,47.27272727,4
insecta-ant-colony6-day21.edges,0.850651696,0.701369053,0.792744844,0.008429525,49.7972028,4
insecta-ant-colony6-day22.edges,0.853807523,0.707663335,0.795282098,-0.005870605,41.39830508,4
insecta-ant-colony6-day23.edges,0.854048964,0.708097928,0.788481728,0.022208973,41.42372881,4
insecta-ant-colony6-day24.edges,0.828552803,0.657105606,0.775112902,0.014204202,38.44067797,4
insecta-ant-colony6-day25.edges,0.837341253,0.674779082,0.780668083,0.003212209,39.47457627,4
insecta-ant-colony6-day26.edges,0.850692935,0.701434159,0.79251262,0.014459216,41.03389831,4
insecta-ant-colony6-day27.edges,0.846781593,0.693611473,0.780095653,0.003433991,40.57627119,4
insecta-ant-colony6-day28.edges,0.846491863,0.693032015,0.781975307,0.001755391,40.54237288,4
insecta-ant-colony6-day29.edges,0.870273794,0.740547588,0.820080804,0.011834068,43.3220339,4
insecta-ant-colony6-day30.edges,0.841059443,0.682167174,0.780886277,-0.002906951,39.90677966,4
insecta-ant-colony6-day31.edges,0.817470665,0.63494133,0.752932681,0.017790576,37.1440678,4
insecta-ant-colony6-day32.edges,0.843752544,0.687912088,0.799619224,0.043517716,30.95604396,4
insecta-ant-colony6-day33.edges,0.831827432,0.663736264,0.778123863,0.01704241,29.86813187,4
insecta-ant-colony6-day34.edges,0.818966219,0.638827839,0.768519309,0.057646095,28.74725275,4
insecta-ant-colony6-day35.edges,0.825966626,0.652014652,0.775527322,0.036290288,29.34065934,4
insecta-ant-colony6-day36.edges,0.831420431,0.663492063,0.782415731,0.009699328,29.85714286,4
insecta-ant-colony6-day37.edges,0.813349613,0.627594628,0.763835177,0.057634488,28.24175824,4
insecta-ant-colony6-day38.edges,0.801750102,0.604395604,0.745350194,0.020449541,27.1978022,4
insecta-ant-colony6-day39.edges,0.798534799,0.597557998,0.741675251,0.043899609,26.89010989,4
insecta-ant-trophallaxis-colony1-day1.edges,0.27697318,0.085057471,0.164444444,-0.046887631,1.233333333,4
insecta-ant-trophallaxis-colony1-day2.edges,0.377908615,0.115942029,0.0625,0.043478261,1.333333333,4
insecta-ant-trophallaxis-colony1-day3.edges,0.238259442,0.068965517,0.01954023,0.119205298,0.965517241,4
insecta-ant-trophallaxis-colony1-day4.edges,0.313165266,0.085714286,0.119863946,0.196253345,1.457142857,4
insecta-ant-trophallaxis-colony1-day5.edges,0.207601863,0.074074074,0.05308642,0.134363853,0.962962963,4
insecta-ant-trophallaxis-colony1-day6.edges,0.08605364,0.052873563,0,-0.210526316,0.766666667,4
insecta-ant-trophallaxis-colony1-day7.edges,0.409729064,0.10591133,0.108045977,-0.257660167,1.482758621,4
insecta-ant-trophallaxis-colony1-day8.edges,0.414764765,0.102102102,0.169111969,0.011760207,1.837837838,4
insecta-ant-trophallaxis-colony2-day1.edges,0.385710623,0.110769231,0.185531136,-0.106064654,1.384615385,4
insecta-ant-trophallaxis-colony2-day2.edges,0.3915157,0.108695652,0.022222222,0.060402685,1.25,4
insecta-ant-trophallaxis-colony2-day3.edges,0.414600655,0.119047619,0.035714286,0.125833575,1.607142857,4
insecta-ant-trophallaxis-colony2-day4.edges,0.29297491,0.088172043,0.089708141,-0.089288717,1.322580645,4
insecta-ant-trophallaxis-colony2-day5.edges,0.300665937,0.073563218,0.05,-0.245005258,1.066666667,4
insecta-ant-trophallaxis-colony2-day6.edges,0.381468705,0.087121212,0.090909091,-0.202478873,1.393939394,4
insecta-ant-trophallaxis-colony2-day7.edges,0.431469534,0.111827957,0.13983615,-0.105432682,1.677419355,4
insecta-ant-trophallaxis-colony2-day8.edges,0.46039886,0.136752137,0.168959436,-0.287356322,1.777777778,4
insecta-beetle-group-c1-period-1.edges,0.711494253,0.425287356,0.46630736,0.008768101,6.166666667,2
insecta-beetle-group-c1-period-2.edges,0.734482759,0.482758621,0.556971352,-0.026949652,7,2
insecta-beetle-group-c2-period-1.edges,0.660493827,0.333333333,0.41373208,-0.11082724,4.333333333,2
insecta-beetle-group-c2-period-2.edges,0.720306513,0.448275862,0.555095164,-0.077412588,6.5,2
insecta-beetle-group-c3-period-1.edges,0.661375661,0.346560847,0.406977546,-0.09709329,4.678571429,2
insecta-beetle-group-c3-period-2.edges,0.705254516,0.428571429,0.548666961,-0.070419207,6,2
insecta-beetle-group-c4-period-1.edges,0.652490421,0.317241379,0.409234932,-0.102382768,4.6,2
insecta-beetle-group-c4-period-2.edges,0.695402299,0.404597701,0.529423458,-0.099265798,5.866666667,2
insecta-beetle-group-t1-period-1.edges,0.682375479,0.370114943,0.430942647,-0.17976333,5.366666667,2
insecta-beetle-group-t2-period-1.edges,0.701915709,0.409195402,0.487861223,-0.062049042,5.933333333,2
insecta-beetle-group-t3-period-1.edges,0.720032841,0.443349754,0.537482032,-0.067783173,6.206896552,2
insecta-beetle-group-t4-period-1.edges,0.672413793,0.356321839,0.457273086,-0.117037727,5.166666667,2
mammalia-asianelephant.edges,0.055701421,0.02283105,0.040182648,0.090039623,0.821917808,3
mammalia-baboon-association-group03.edges,0.352611111,0.103333333,0.04,-0.127894157,1.24,3
mammalia-baboon-association-group04.edges,0.833333333,0.666666667,0.583333333,-0.714285714,1,3
mammalia-baboon-association-group05.edges,0.833333333,0.666666667,0.583333333,-0.714285714,1,3
mammalia-baboon-association-group06.edges,0.69047619,0.428571429,0.285714286,-0.173913043,1.285714286,3
mammalia-baboon-association-group07.edges,0.556944444,0.233333333,0.2125,-0.061998541,1.75,3
mammalia-baboon-association-group08.edges,0.495263158,0.173684211,0.231190476,-0.135939323,1.65,3
mammalia-baboon-association-group09.edges,0.179710145,0.086956522,0.110144928,-0.016304348,0.956521739,3
mammalia-baboon-association-group10.edges,0.683760684,0.41025641,0.510805861,-0.102078809,2.461538462,3
mammalia-baboon-association-group11.edges,0.590659341,0.274725275,0.485714286,-0.362559242,1.785714286,3
mammalia-baboon-association-group12.edges,0.366666667,0.333333333,0.5,-0.25,0.833333333,3
mammalia-baboon-association-group13.edges,0.333333333,0.266666667,0,-1,0.666666667,3
mammalia-baboon-association-group14.edges,0.904761905,0.80952381,0.819047619,-0.333333333,2.428571429,3
mammalia-baboon-association-group15.edges,0.9,0.8,0.844444444,-0.434782609,2,3
mammalia-baboon-association-group16.edges,0.866666667,0.733333333,0.711111111,-0.356164384,1.833333333,3
mammalia-baboon-association-group17.edges,0.699074074,0.416666667,0.425925926,-0.471816284,1.666666667,3
mammalia-baboon-association-group18.edges,0.8,0.6,0.433333333,0.068965517,2.7,3
mammalia-baboon-association-group19.edges,0.495512821,0.205128205,0.11025641,-0.193220339,1.230769231,3
mammalia-baboon-association-group20.edges,0.677350427,0.384615385,0.390842491,-0.058201058,2.307692308,3
mammalia-baboon-association-group21.edges,0.755952381,0.535714286,0.683333333,-0.324786325,1.875,3
mammalia-baboon-association-group22.edges,0.616071429,0.321428571,0.191666667,-0.453416149,1.125,3
mammalia-baboon-association-group23.edges,0.459126984,0.142857143,0.107709751,-0.232583065,1.428571429,3
mammalia-baboon-association-group24.edges,0.160606061,0.127272727,0,-0.166666667,0.636363636,3
mammalia-baboon-association-group25.edges,0.469259259,0.2,0,-0.525423729,0.9,3
mammalia-baboon-association-group26.edges,0.346759259,0.194444444,0,-0.296296296,0.777777778,3
mammalia-baboon-association-group27.edges,0.430269608,0.198529412,0.198039216,0.085280374,1.588235294,3
mammalia-baboon-association-group28.edges,0.460694444,0.175,0.079166667,0.179396092,1.3125,3
mammalia-baboon-association-group29.edges,0.528846154,0.243589744,0.141025641,0.489247312,1.461538462,3
mammalia-baboon-grooming-group02.edges,0.8,0.6,0.6,-0.714285714,1.2,3
mammalia-baboon-grooming-group04.edges,0.833333333,0.666666667,0.583333333,-0.714285714,1,3
mammalia-baboon-grooming-group05.edges,0.916666667,0.833333333,0.833333333,-0.666666667,1.25,3
mammalia-baboon-grooming-group06.edges,0.753968254,0.523809524,0.723809524,-0.38410596,1.571428571,3
mammalia-baboon-grooming-group07.edges,0.659722222,0.341666667,0.290922619,-0.265607003,2.5625,3
mammalia-baboon-grooming-group08.edges,0.305804989,0.133333333,0.1,-0.356589147,0.933333333,3
mammalia-baboon-grooming-group09.edges,0.159494008,0.083003953,0.086956522,0.308641975,0.913043478,3
mammalia-baboon-grooming-group10.edges,0.666666667,0.384615385,0.415384615,0.181197877,2.307692308,3
mammalia-baboon-grooming-group11.edges,0.566161616,0.257575758,0.158333333,-0.053097345,1.416666667,3
mammalia-baboon-grooming-group13.edges,0.722222222,0.5,0,-0.5,0.75,3
mammalia-baboon-grooming-group14.edges,0.73015873,0.476190476,0.385714286,-0.597222222,1.428571429,3
mammalia-baboon-grooming-group16.edges,0.58,0.333333333,0,-0.25,0.833333333,3
mammalia-baboon-grooming-group17.edges,0.584920635,0.333333333,0,-0.076923077,1,3
mammalia-baboon-grooming-group18.edges,0.47526455,0.222222222,0,-0.333333333,0.888888889,3
mammalia-baboon-grooming-group19.edges,0.523636364,0.254545455,0.348484848,-0.076923077,1.272727273,3
mammalia-baboon-grooming-group20.edges,0.557478632,0.269230769,0.38974359,0.008431703,1.615384615,3
mammalia-baboon-grooming-group21.edges,0.821428571,0.642857143,0.6875,-0.421052632,2.25,3
mammalia-baboon-grooming-group22.edges,0.607142857,0.357142857,0.5,-0.25,1.25,3
mammalia-baboon-grooming-group23.edges,0.466013072,0.150326797,0.125925926,-0.176436782,1.277777778,3
mammalia-baboon-grooming-group25.edges,0.379059829,0.179487179,0,0.306306306,1.076923077,3
mammalia-baboon-grooming-group26.edges,0.488017429,0.163398693,0.053703704,-0.458019105,1.388888889,3
mammalia-baboon-grooming-group27.edges,0.556617647,0.235294118,0.245658263,-0.215189873,1.882352941,3
mammalia-baboon-grooming-group28.edges,0.496944444,0.191666667,0.135416667,0.014285714,1.4375,3
mammalia-baboon-grooming-group29.edges,0.647435897,0.358974359,0.371794872,0.160958904,2.153846154,3
mammalia-bat-roosting-indiana.edges,0.789590255,0.604651163,0.904976153,0.229150321,12.69767442,2
mammalia-dolphin-florida-forage.edges,0.350699102,0.063157895,0.658753036,0.231769583,5.968421053,2
mammalia-dolphin-florida-social.edges,0.50540103,0.137218543,0.788257935,0.184785384,10.29139073,2
mammalia-dolphin-floridatravel.edges,0.291430441,0.058709751,0.727745909,0.227763728,5.489361702,2
mammalia-dolphin-social.edges,0.379214198,0.084082496,0.258958246,-0.043594028,2.564516129,2
mammalia-elephantseal-2010-2011.edges,0.265152575,0.047346939,0.034444444,-0.039462931,1.16,3
mammalia-elephantseal-2010-2012-peidras.edges,0.199673203,0.098039216,0,-0.280487805,0.833333333,3
mammalia-elephantseal-2011-2012.edges,0.251368363,0.075862069,0.106666667,0.165144062,1.1,3
mammalia-elephantseal-2012-2013.edges,0.048179272,0.038655462,0.066666667,-0.029850746,0.657142857,3
mammalia-hyena-networka.edges,0.937815126,0.875630252,0.921745879,-0.116650965,14.88571429,3
mammalia-hyena-networkb.edges,0.964285714,0.928571429,0.963124467,-0.074182016,16.25,3
mammalia-hyena-networkc.edges,0.927731092,0.855462185,0.898634876,-0.122737171,14.54285714,3
mammalia-kangaroo-interactions.edges,0.829656863,0.669117647,0.822177496,-0.193351023,5.352941176,3
mammalia-macaque-dominance.edges,0.808566896,0.617133792,0.667144796,-0.072579982,18.82258065,3
mammalia-macaque-grooming-bouts.edges,0.801587302,0.603174603,0.658660075,-0.101158474,8.142857143,3
mammalia-possum-burrow-sharing.edges,0.16031746,0.123809524,0.2,0.434782609,0.866666667,0
mammalia-primate-association-10.edges,0.618253968,0.285714286,0.380821824,-0.169438669,2.857142857,3
mammalia-primate-association-11.edges,0.804166667,0.608333333,0.729766414,-0.193467514,4.5625,3
mammalia-primate-association-12.edges,0.870833333,0.741666667,0.787417791,-0.138248011,5.5625,3
mammalia-primate-association-13.edges,0.801666667,0.603333333,0.620123359,0.01542575,7.24,3
mammalia-primate-association-14.edges,0.638401559,0.321637427,0.463628769,-0.117852268,2.894736842,3
mammalia-primate-association-15.edges,0.66968599,0.373188406,0.652327302,-0.235278407,4.291666667,3
mammalia-primate-association-16.edges,0.653333333,0.323333333,0.409108114,-0.041903396,3.88,3
mammalia-primate-association-17.edges,0.976190476,0.952380952,0.952380952,-0.333333333,2.857142857,3
mammalia-primate-association-19.edges,0.577777778,0.288888889,0,-0.083333333,1.3,3
mammalia-primate-association-3.edges,0.860750361,0.722943723,0.879371233,-0.239821086,7.590909091,3
mammalia-primate-association-4.edges,0.825757576,0.651515152,0.690013228,-0.22147806,3.583333333,3
mammalia-primate-association-5.edges,0.780952381,0.561904762,0.663665224,-0.183668513,3.933333333,3
mammalia-primate-association-7.edges,0.598927875,0.286549708,0.559463052,-0.282882434,2.578947368,3
mammalia-primate-association-9.edges,0.877192982,0.754385965,0.827382576,-0.103596573,6.789473684,3
mammalia-raccoon-proximity-1.edges,0.574769433,0.249011858,0.493664065,-0.105400941,2.739130435,2
mammalia-raccoon-proximity-10.edges,0.581578947,0.292397661,0.487134503,0.373147937,2.631578947,2
mammalia-raccoon-proximity-11.edges,0.57748538,0.269005848,0.510902256,0.120469883,2.421052632,2
mammalia-raccoon-proximity-12.edges,0.535923141,0.280701754,0.650083542,0.462931329,2.526315789,2
mammalia-raccoon-proximity-13.edges,0.612573099,0.333333333,0.68604086,0.195032871,3,2
mammalia-raccoon-proximity-14.edges,0.65795207,0.385620915,0.711636203,0.255329587,3.277777778,2
mammalia-raccoon-proximity-15.edges,0.628540305,0.320261438,0.586684303,-0.160120432,2.722222222,2
mammalia-raccoon-proximity-16.edges,0.596813725,0.308823529,0.540756303,0.365432509,2.470588235,2
mammalia-raccoon-proximity-17.edges,0.534027778,0.25,0.502529762,0.07604833,1.875,2
mammalia-raccoon-proximity-18.edges,0.326984127,0.247619048,0.643174603,0.129898723,1.733333333,2
mammalia-raccoon-proximity-19.edges,0.525367647,0.257352941,0.507282913,0.26546104,2.058823529,2
mammalia-raccoon-proximity-2.edges,0.50275201,0.216450216,0.533766234,0.048066753,2.272727273,2
mammalia-raccoon-proximity-20.edges,0.525367647,0.257352941,0.507282913,0.26546104,2.058823529,2
mammalia-raccoon-proximity-21.edges,0.319281046,0.14379085,0.387037037,0.00727802,1.222222222,2
mammalia-raccoon-proximity-22.edges,0.539166667,0.275,0.463392857,0.480314961,2.0625,2
mammalia-raccoon-proximity-23.edges,0.620879121,0.351648352,0.665136054,-0.070336391,2.285714286,2
mammalia-raccoon-proximity-24.edges,0.703296703,0.450549451,0.740816327,-0.071538383,2.928571429,2
mammalia-raccoon-proximity-25.edges,0.517460317,0.342857143,0.457195767,0.191384615,2.4,2
mammalia-raccoon-proximity-26.edges,0.625,0.35,0.673701299,0.13453159,2.625,2
mammalia-raccoon-proximity-27.edges,0.435897436,0.296703297,0.435884354,0.331210191,1.928571429,2
mammalia-raccoon-proximity-28.edges,0.404761905,0.257142857,0.408888889,0.504965623,1.8,2
mammalia-raccoon-proximity-29.edges,0.337606838,0.269230769,0.443589744,0.452873563,1.615384615,2
mammalia-raccoon-proximity-3.edges,0.478194993,0.197628458,0.489855072,-0.079011486,2.173913043,2
mammalia-raccoon-proximity-30.edges,0.839285714,0.678571429,0.754761905,-0.422459893,2.375,2
mammalia-raccoon-proximity-31.edges,0.755555556,0.511111111,0.678888889,-0.592543276,2.3,2
mammalia-raccoon-proximity-32.edges,0.610470085,0.346153846,0.503296703,0.241482367,2.076923077,2
mammalia-raccoon-proximity-33.edges,0.743589744,0.5,0.783616384,-0.207713807,3,2
mammalia-raccoon-proximity-34.edges,0.628205128,0.333333333,0.532417582,-0.195260664,2,2
mammalia-raccoon-proximity-35.edges,0.554945055,0.252747253,0.550680272,-0.342086069,1.642857143,2
mammalia-raccoon-proximity-36.edges,0.574175824,0.274725275,0.433333333,-0.355421687,1.785714286,2
mammalia-raccoon-proximity-37.edges,0.495970696,0.197802198,0.45,-0.333333333,1.285714286,2
mammalia-raccoon-proximity-38.edges,0.452020202,0.257575758,0.438888889,-0.082077052,1.416666667,2
mammalia-raccoon-proximity-39.edges,0.404920635,0.2,0.282222222,0.23880597,1.4,2
mammalia-raccoon-proximity-4.edges,0.654589372,0.362318841,0.661391849,0.030605929,4.166666667,2
mammalia-raccoon-proximity-40.edges,0.577777778,0.291666667,0.595684524,-0.071677105,2.1875,2
mammalia-raccoon-proximity-41.edges,0.59912854,0.307189542,0.485846561,-0.008115942,2.611111111,2
mammalia-raccoon-proximity-42.edges,0.513112745,0.257352941,0.507282913,0.010752688,2.058823529,2
mammalia-raccoon-proximity-43.edges,0.531805556,0.241666667,0.386309524,-0.297080979,1.8125,2
mammalia-raccoon-proximity-44.edges,0.717171717,0.46969697,0.685714286,-0.118556701,2.583333333,2
mammalia-raccoon-proximity-45.edges,0.594444444,0.320512821,0.479487179,0.146110057,1.923076923,2
mammalia-raccoon-proximity-46.edges,0.633838384,0.348484848,0.634920635,-0.39447429,1.916666667,2
mammalia-raccoon-proximity-47.edges,0.598290598,0.307692308,0.458974359,-0.296610169,1.846153846,2
mammalia-raccoon-proximity-48.edges,0.546520147,0.252747253,0.383333333,0.149273448,1.642857143,2
mammalia-raccoon-proximity-49.edges,0.662121212,0.4,0.63030303,-0.194570136,2,2
mammalia-raccoon-proximity-5.edges,0.593795094,0.29004329,0.548524203,0.116221034,3.045454545,2
mammalia-raccoon-proximity-50.edges,0.569444444,0.275,0.547172619,-0.40625,2.0625,2
mammalia-raccoon-proximity-51.edges,0.592698413,0.323809524,0.611111111,0.057301294,2.266666667,2
mammalia-raccoon-proximity-52.edges,0.570138889,0.266666667,0.511309524,-0.232758621,2,2
mammalia-raccoon-proximity-6.edges,0.62987013,0.324675325,0.633444333,-0.092615427,3.409090909,2
mammalia-raccoon-proximity-7.edges,0.66017316,0.354978355,0.509754135,0.001531824,3.727272727,2
mammalia-raccoon-proximity-8.edges,0.588383838,0.264069264,0.596062271,-0.048618435,2.772727273,2
mammalia-raccoon-proximity-9.edges,0.588492063,0.285714286,0.546705147,0.119415808,2.857142857,2
mammalia-spidermonkeys-contact.edges,0.75122549,0.529411765,0.810538481,-0.27115466,4.235294118,3
mammalia-vampire-bats-foodsharing.edges,0.643650794,0.342857143,0.547585483,-0.299668685,3.428571429,0
mammalia-voles-bhp-trapping-02.edges,0.256436508,0.11,0.402666667,0.314430095,1.32,3
mammalia-voles-bhp-trapping-03.edges,0.113492063,0.085714286,0.166666667,0.542857143,0.857142857,3
mammalia-voles-bhp-trapping-04.edges,0.126640353,0.062388592,0.18627451,0.132020423,1.029411765,3
mammalia-voles-bhp-trapping-05.edges,0.247012195,0.079268293,0.474796748,0.128122109,1.585365854,3
mammalia-voles-bhp-trapping-06.edges,0.258236429,0.057912458,0.42969697,0.220976521,1.563636364,3
mammalia-voles-bhp-trapping-07.edges,0.098770979,0.048103608,0.323404255,0.165387299,1.106382979,3
mammalia-voles-bhp-trapping-08.edges,0.103179487,0.067692308,0.243589744,0.416666667,0.846153846,3
mammalia-voles-bhp-trapping-09.edges,0.135511364,0.085227273,0.516594517,0.079434168,1.363636364,3
mammalia-voles-bhp-trapping-10.edges,0.332869511,0.121212121,0.31969697,0.044776119,1.272727273,3
mammalia-voles-bhp-trapping-11.edges,0.298000343,0.090418354,0.511477411,-0.062660561,1.717948718,3
mammalia-voles-bhp-trapping-12.edges,0.202109956,0.055288462,0.618131868,0.048713235,1.769230769,3
mammalia-voles-bhp-trapping-13.edges,0.143540341,0.044373162,0.618390805,0.312102326,1.908045977,3
mammalia-voles-bhp-trapping-14.edges,0.073459767,0.029306931,0.557079994,0.115871695,1.465346535,3
mammalia-voles-bhp-trapping-15.edges,0.079383754,0.053781513,0.219047619,0.373040752,0.914285714,3
mammalia-voles-bhp-trapping-16.edges,0.071850897,0.026466916,0.42026455,0.231334226,1.177777778,3
mammalia-voles-bhp-trapping-17.edges,0.044838202,0.024269759,0.457731959,0.238544474,1.164948454,3
mammalia-voles-bhp-trapping-18.edges,0.059489904,0.029746835,0.435416667,0.113310185,1.175,3
mammalia-voles-bhp-trapping-19.edges,0.026458616,0.022161918,0.273631841,0.454545455,0.731343284,3
mammalia-voles-bhp-trapping-20.edges,0.067304917,0.034299034,0.467094017,0.113238124,1.320512821,3
mammalia-voles-bhp-trapping-21.edges,0.119018098,0.037756498,0.525627538,0.358662575,1.604651163,3
mammalia-voles-bhp-trapping-22.edges,0.166308355,0.036460717,0.618363762,0.19578953,2.07826087,3
mammalia-voles-bhp-trapping-23.edges,0.088981838,0.031126969,0.641542659,0.356797063,1.9765625,3
mammalia-voles-bhp-trapping-24.edges,0.104647991,0.0249742,0.700837532,0.210462057,2.122807018,3
mammalia-voles-bhp-trapping-25.edges,0.050544539,0.021580547,0.579021727,0.519178122,1.510638298,3
mammalia-voles-bhp-trapping-26.edges,0.033048989,0.017780062,0.538503401,0.318820771,1.235714286,3
mammalia-voles-bhp-trapping-27.edges,0.050135882,0.019162312,0.693278501,0.143426794,1.552147239,3
mammalia-voles-bhp-trapping-28.edges,0.027137424,0.01625387,0.538997821,0.398080297,1.235294118,3
mammalia-voles-bhp-trapping-29.edges,0.028555111,0.019988578,0.44789644,0.371753567,1.019417476,3
mammalia-voles-bhp-trapping-30.edges,0.044464245,0.028024607,0.373593074,0.515509601,1.064935065,3
mammalia-voles-bhp-trapping-31.edges,0.17410832,0.066066066,0.355855856,0.298701299,1.189189189,3
mammalia-voles-bhp-trapping-32.edges,0.15952381,0.119047619,0.555555556,0.562256809,1.19047619,3
mammalia-voles-bhp-trapping-34.edges,0.202729045,0.140350877,0.607017544,-0.049847406,1.263157895,3
mammalia-voles-bhp-trapping-35.edges,0.157427536,0.09057971,0.229166667,0.022222222,1.041666667,3
mammalia-voles-bhp-trapping-36.edges,0.143782361,0.069518717,0.342156863,0.320767196,1.147058824,3
mammalia-voles-bhp-trapping-37.edges,0.178472222,0.116666667,0.166666667,0.098484848,0.875,3
mammalia-voles-bhp-trapping-39.edges,0.466666667,0.466666667,0.666666667,1,1.166666667,3
mammalia-voles-bhp-trapping-42.edges,0.833333333,0.666666667,0,-1,0.666666667,3
mammalia-voles-bhp-trapping-44.edges,0.146520147,0.120879121,0.333333333,0.276315789,0.785714286,3
mammalia-voles-bhp-trapping-45.edges,0.103065539,0.081395349,0.589015152,0.898041675,1.75,3
mammalia-voles-bhp-trapping-46.edges,0.195446478,0.045439792,0.551356239,0.210774036,1.772151899,3
mammalia-voles-bhp-trapping-47.edges,0.164937148,0.042947057,0.529330954,0.15914472,1.567567568,3
mammalia-voles-bhp-trapping-48.edges,0.217117214,0.040605933,0.560233984,0.11355057,1.969387755,3
mammalia-voles-bhp-trapping-49.edges,0.115866144,0.03962704,0.453367928,0.5628091,1.525641026,3
mammalia-voles-bhp-trapping-50.edges,0.081660982,0.035897436,0.42020202,0.27473726,1.166666667,3
mammalia-voles-bhp-trapping-51.edges,0.057667148,0.039057239,0.458181818,0.42945475,1.054545455,3
mammalia-voles-bhp-trapping-52.edges,0.052264808,0.040650407,0.396825397,0.333333333,0.833333333,3
mammalia-voles-bhp-trapping-53.edges,0.10025641,0.073846154,0.365384615,0.474178404,0.923076923,3
mammalia-voles-bhp-trapping-54.edges,0.097044335,0.056650246,0.116091954,0.14527027,0.793103448,3
mammalia-voles-bhp-trapping-55.edges,0.282406106,0.082352941,0.580921257,0.355361229,2.058823529,3
mammalia-voles-bhp-trapping-56.edges,0.172764496,0.069387755,0.532253968,0.585375394,1.7,3
mammalia-voles-bhp-trapping-57.edges,0.097657835,0.053258145,0.560233918,0.593686403,1.49122807,3
mammalia-voles-bhp-trapping-58.edges,0.13162348,0.044420941,0.469508449,-0.010971474,1.35483871,3
mammalia-voles-bhp-trapping-59.edges,0.114662173,0.035017375,0.506422186,0.011554514,1.505747126,3
mammalia-voles-bhp-trapping-60.edges,0.100464904,0.032491819,0.483768561,0.328183187,1.494623656,3
mammalia-voles-bhp-trapping-61.edges,0.059816679,0.031315869,0.460162602,0.22260711,1.268292683,3
mammalia-voles-bhp-trapping-62.edges,0.044918033,0.031693989,0.325136612,0.453299057,0.950819672,3
mammalia-voles-bhp-trapping-63.edges,0.036909796,0.032769556,0.272727273,0.47008547,0.704545455,3
mammalia-voles-bhp-trapping-64.edges,0.136237879,0.05410628,0.376086957,0.026086957,1.217391304,3
mammalia-voles-kcs-trapping-01.edges,0.115873016,0.09047619,0.301587302,0.652968037,0.904761905,3
mammalia-voles-kcs-trapping-02.edges,0.217969349,0.101149425,0.463333333,0.08044164,1.466666667,3
mammalia-voles-kcs-trapping-03.edges,0.116959064,0.099415205,0.333333333,0.234234234,0.894736842,3
mammalia-voles-kcs-trapping-04.edges,0.102954145,0.079365079,0.339285714,0.468085106,1.071428571,3
mammalia-voles-kcs-trapping-05.edges,0.158019324,0.059903382,0.487991718,0.344802163,1.347826087,3
mammalia-voles-kcs-trapping-06.edges,0.219559824,0.075630252,0.38952381,0.193989071,1.285714286,3
mammalia-voles-kcs-trapping-07.edges,0.180019369,0.051870748,0.346938776,0.282471836,1.244897959,3
mammalia-voles-kcs-trapping-08.edges,0.085790598,0.052564103,0.474166667,0.457069628,1.025,3
mammalia-voles-kcs-trapping-09.edges,0.118807178,0.066502463,0.247126437,-5.50E-16,0.931034483,3
mammalia-voles-kcs-trapping-10.edges,0.16503268,0.117647059,0.37037037,0.179487179,1,3
mammalia-voles-kcs-trapping-11.edges,0.230769231,0.142857143,0.321428571,-0.331325301,0.928571429,3
mammalia-voles-kcs-trapping-12.edges,0.280694444,0.15,0.3625,0.210106383,1.125,3
mammalia-voles-kcs-trapping-13.edges,0.134348468,0.065337763,0.424529347,0.497354217,1.372093023,3
mammalia-voles-kcs-trapping-14.edges,0.238662366,0.061032864,0.573875661,0.17104514,2.166666667,3
mammalia-voles-kcs-trapping-15.edges,0.066489066,0.038228438,0.406926407,0.328324725,1.242424242,3
mammalia-voles-kcs-trapping-16.edges,0.163998735,0.04335443,0.517857143,0.146929223,1.7125,3
mammalia-voles-kcs-trapping-17.edges,0.077416854,0.035284683,0.586918446,0.125364431,1.517241379,3
mammalia-voles-kcs-trapping-18.edges,0.057883598,0.040165631,0.534761905,0.297576518,1.385714286,3
mammalia-voles-kcs-trapping-19.edges,0.052910053,0.047619048,0.166666667,0.425531915,0.642857143,3
mammalia-voles-kcs-trapping-20.edges,0.093778802,0.041986687,0.453892668,-0.101727447,1.301587302,3
mammalia-voles-kcs-trapping-21.edges,0.129907968,0.047619048,0.404678363,0.217617931,1.333333333,3
mammalia-voles-kcs-trapping-22.edges,0.11724913,0.036594473,0.644574176,0.236708804,1.884615385,3
mammalia-voles-kcs-trapping-23.edges,0.09941452,0.049180328,0.551209992,0.604700544,1.475409836,3
mammalia-voles-kcs-trapping-24.edges,0.252799186,0.051590484,0.528961205,0.271473339,2.218390805,3
mammalia-voles-kcs-trapping-25.edges,0.22842131,0.036581709,0.57050306,0.216309246,2.103448276,3
mammalia-voles-kcs-trapping-26.edges,0.138004971,0.029089738,0.567818516,0.338859472,1.97810219,3
mammalia-voles-kcs-trapping-27.edges,0.185931846,0.037145102,0.572085336,0.483908424,2.470149254,3
mammalia-voles-kcs-trapping-28.edges,0.121029452,0.03312946,0.586202126,0.463293937,1.788990826,3
mammalia-voles-kcs-trapping-29.edges,0.051234938,0.028851541,0.512941176,0.369920923,1.211764706,3
mammalia-voles-kcs-trapping-30.edges,0.055257484,0.033866058,0.525114155,0.334986034,1.219178082,3
mammalia-voles-kcs-trapping-31.edges,0.105339105,0.086580087,0.484848485,0.074074074,0.909090909,3
mammalia-voles-kcs-trapping-32.edges,0.11002886,0.058823529,0.339215686,0.19160105,0.970588235,3
mammalia-voles-kcs-trapping-33.edges,0.117460317,0.085714286,0.293650794,-0.2,0.857142857,3
mammalia-voles-kcs-trapping-34.edges,0.1,0.085714286,0,-0.5,0.6,3
mammalia-voles-kcs-trapping-35.edges,0.149206349,0.123809524,0.377777778,0.495145631,0.866666667,3
mammalia-voles-kcs-trapping-36.edges,0.0997151,0.068376068,0.308641975,-0.034482759,0.888888889,3
mammalia-voles-kcs-trapping-37.edges,0.121818777,0.04964539,0.340277778,0.173318753,1.166666667,3
mammalia-voles-kcs-trapping-38.edges,0.051587302,0.047619048,0.19047619,0.466666667,0.642857143,3
mammalia-voles-kcs-trapping-39.edges,0.126262626,0.106060606,0,0.3,0.583333333,3
mammalia-voles-kcs-trapping-40.edges,0.248148148,0.2,0.533333333,0.333333333,0.9,3
mammalia-voles-kcs-trapping-43.edges,0.4,0.4,0.6,1,0.8,3
mammalia-voles-kcs-trapping-44.edges,0.222222222,0.166666667,0.520833333,0.457364341,1.25,3
mammalia-voles-kcs-trapping-45.edges,0.109681373,0.088235294,0.176470588,0.314285714,0.705882353,3
mammalia-voles-kcs-trapping-46.edges,0.133532437,0.059233449,0.264739229,0.194421106,1.214285714,3
mammalia-voles-kcs-trapping-47.edges,0.255281746,0.058699101,0.496735791,0.038359851,1.790322581,3
mammalia-voles-kcs-trapping-48.edges,0.255742306,0.05468216,0.499658278,0.225617244,2.077922078,3
mammalia-voles-kcs-trapping-49.edges,0.079209679,0.041292041,0.588283938,0.544442684,1.58974359,3
mammalia-voles-kcs-trapping-50.edges,0.10356679,0.046753247,0.417261905,0.399182561,1.285714286,3
mammalia-voles-kcs-trapping-51.edges,0.077593208,0.046511628,0.392248062,0.157266811,0.976744186,3
mammalia-voles-kcs-trapping-52.edges,0.076315789,0.068421053,0.15,0.071428571,0.65,3
mammalia-voles-kcs-trapping-53.edges,0.096410256,0.067692308,0.179487179,0.506410256,0.846153846,3
mammalia-voles-kcs-trapping-54.edges,0.125,0.108333333,0.21875,0.595555556,0.8125,3
mammalia-voles-kcs-trapping-55.edges,0.265839877,0.088794926,0.598051948,0.155728587,1.909090909,3
mammalia-voles-kcs-trapping-56.edges,0.326252723,0.176470588,0.557142857,0.265648286,1.5,3
mammalia-voles-kcs-trapping-57.edges,0.212426674,0.09057971,0.179166667,-0.104100946,1.041666667,3
mammalia-voles-kcs-trapping-58.edges,0.112410256,0.083076923,0.33974359,0.566666667,1.038461538,3
mammalia-voles-kcs-trapping-59.edges,0.149469959,0.076813656,0.504385965,0.208761329,1.421052632,3
mammalia-voles-kcs-trapping-60.edges,0.147621534,0.049498747,0.418295739,0.160422977,1.385964912,3
mammalia-voles-kcs-trapping-61.edges,0.11484874,0.042305658,0.411827957,0.401189227,1.290322581,3
mammalia-voles-kcs-trapping-62.edges,0.124564103,0.076923077,0.403846154,0.108734403,0.961538462,3
mammalia-voles-kcs-trapping-63.edges,0.121420635,0.073333333,0.333333333,0.545219638,0.88,3
mammalia-voles-kcs-trapping-64.edges,0.217523057,0.130434783,0.514492754,-0.00456621,1.434782609,3
mammalia-voles-plj-trapping-01.edges,0.251851852,0.2,0.466666667,-0.022727273,0.9,3
mammalia-voles-plj-trapping-02.edges,0.076448243,0.05982906,0.197530864,0.242268041,0.777777778,3
mammalia-voles-plj-trapping-03.edges,0.115944171,0.068965517,0.333333333,-0.137800253,1,3
mammalia-voles-plj-trapping-04.edges,0.077636672,0.04934688,0.430727763,0.49176973,1.283018868,3
mammalia-voles-plj-trapping-05.edges,0.151404295,0.064313725,0.515592904,0.025992174,1.607843137,3
mammalia-voles-plj-trapping-06.edges,0.152166306,0.057692308,0.289166667,0.23180593,1.125,3
mammalia-voles-plj-trapping-07.edges,0.119786096,0.062388592,0.411764706,0.161971831,1.029411765,3
mammalia-voles-plj-trapping-08.edges,0.10397619,0.07,0.28,0.196172249,0.84,3
mammalia-voles-plj-trapping-09.edges,0.156360153,0.073563218,0.317777778,-0.136400323,1.066666667,3
mammalia-voles-plj-trapping-10.edges,0.164109347,0.082010582,0.339285714,0.235798499,1.107142857,3
mammalia-voles-plj-trapping-11.edges,0.176587302,0.104761905,0.315873016,0.292766935,1.047619048,3
mammalia-voles-plj-trapping-12.edges,0.233796296,0.166666667,0,0.333333333,0.666666667,3
mammalia-voles-plj-trapping-13.edges,0.219444444,0.141666667,0.270833333,0.079166667,1.0625,3
mammalia-voles-plj-trapping-14.edges,0.111042693,0.071428571,0.343678161,0.005998286,1,3
mammalia-voles-plj-trapping-15.edges,0.15507203,0.048979592,0.353333333,0.080653309,1.2,3
mammalia-voles-plj-trapping-16.edges,0.103832442,0.060606061,0.237254902,0.078042328,1,3
mammalia-voles-plj-trapping-17.edges,0.097272272,0.063063063,0.445945946,0.350096712,1.135135135,3
mammalia-voles-plj-trapping-18.edges,0.119023324,0.056122449,0.529543246,0.284531997,1.346938776,3
mammalia-voles-plj-trapping-19.edges,0.062307692,0.052307692,0.102564103,0.844748858,0.653846154,3
mammalia-voles-plj-trapping-20.edges,0.191636958,0.076648841,0.391176471,0.037742151,1.264705882,3
mammalia-voles-plj-trapping-21.edges,0.126338132,0.059800664,0.428792913,0.233480176,1.255813953,3
mammalia-voles-plj-trapping-22.edges,0.158534981,0.047839506,0.535253772,0.249242847,1.913580247,3
mammalia-voles-plj-trapping-23.edges,0.184799729,0.044105854,0.507444726,0.392613112,1.896551724,3
mammalia-voles-plj-trapping-24.edges,0.16758841,0.036308162,0.605094229,0.264092087,2.069565217,3
mammalia-voles-plj-trapping-25.edges,0.235824332,0.035856858,0.651933247,0.277237692,2.994047619,3
mammalia-voles-plj-trapping-26.edges,0.189843778,0.031614487,0.711390972,0.151082766,2.845303867,3
mammalia-voles-plj-trapping-27.edges,0.068251767,0.029548387,0.588152381,0.354761284,1.832,3
mammalia-voles-plj-trapping-28.edges,0.12496533,0.041754386,0.574467419,0.18609041,1.565789474,3
mammalia-voles-plj-trapping-29.edges,0.050746753,0.035064935,0.360119048,0.380434783,0.964285714,3
mammalia-voles-plj-trapping-30.edges,0.060582011,0.044444444,0.25,0.34375,0.777777778,3
mammalia-voles-plj-trapping-31.edges,0.201935484,0.083870968,0.416129032,0.181740856,1.258064516,3
mammalia-voles-plj-trapping-32.edges,0.179166667,0.116666667,0.229166667,0.393333333,0.875,3
mammalia-voles-plj-trapping-33.edges,0.4,0.4,0.6,1,0.8,3
mammalia-voles-plj-trapping-34.edges,0.237777778,0.155555556,0,0.416666667,0.7,3
mammalia-voles-plj-trapping-35.edges,0.214285714,0.19047619,0,-0.333333333,0.571428571,3
mammalia-voles-plj-trapping-36.edges,0.222222222,0.194444444,0.333333333,-0.4,0.777777778,3
mammalia-voles-plj-trapping-37.edges,0.25969697,0.163636364,0.151515152,0.333333333,0.818181818,3
mammalia-voles-plj-trapping-38.edges,0.147619048,0.104761905,0.144444444,0.070422535,0.733333333,3
mammalia-voles-plj-trapping-39.edges,0.151709402,0.128205128,0.205128205,0.666666667,0.769230769,3
mammalia-voles-plj-trapping-41.edges,0.833333333,0.666666667,0,-1,0.666666667,3
mammalia-voles-plj-trapping-43.edges,0.833333333,0.666666667,0,-1,0.666666667,3
mammalia-voles-plj-trapping-44.edges,0.195054945,0.131868132,0.369047619,0.175572519,0.857142857,3
mammalia-voles-plj-trapping-45.edges,0.170184632,0.073170732,0.58537415,0.025572283,1.5,3
mammalia-voles-plj-trapping-46.edges,0.124387445,0.041742287,0.420689655,0.214692188,1.189655172,3
mammalia-voles-plj-trapping-47.edges,0.139457245,0.064516129,0.2,0.03864279,0.967741935,3
mammalia-voles-plj-trapping-48.edges,0.110417679,0.051870748,0.353061224,0.327115925,1.244897959,3
mammalia-voles-plj-trapping-49.edges,0.086091686,0.044289044,0.574675325,0.312912146,1.439393939,3
mammalia-voles-plj-trapping-50.edges,0.032505176,0.026086957,0.419047619,0.107843137,0.9,3
mammalia-voles-plj-trapping-51.edges,0.082512315,0.066502463,0.381609195,0.436075949,0.931034483,3
mammalia-voles-plj-trapping-52.edges,0.048387097,0.044354839,0.260416667,0.398907104,0.6875,3
mammalia-voles-plj-trapping-53.edges,0.1125,0.108333333,0.5625,0.566666667,0.8125,3
mammalia-voles-plj-trapping-54.edges,0.143115942,0.112318841,0.276388889,0.66270401,1.291666667,3
mammalia-voles-plj-trapping-55.edges,0.833333333,0.666666667,0,-1,0.666666667,3
mammalia-voles-plj-trapping-56.edges,0.13003663,0.10989011,0.214285714,0.166666667,0.714285714,3
mammalia-voles-plj-trapping-57.edges,0.091617934,0.076023392,0.157894737,0.380952381,0.684210526,3
mammalia-voles-plj-trapping-59.edges,0.083739708,0.039614957,0.592728443,0.382417118,1.445945946,3
mammalia-voles-plj-trapping-60.edges,0.088560971,0.036516854,0.608319957,0.287735509,1.606741573,3
mammalia-voles-plj-trapping-61.edges,0.103015347,0.036050157,0.552272727,0.290123457,1.568181818,3
mammalia-voles-plj-trapping-62.edges,0.064331723,0.044444444,0.377329193,0.102439024,1,3
mammalia-voles-plj-trapping-63.edges,0.055239899,0.047348485,0.212121212,0.546485261,0.757575758,3
mammalia-voles-rob-trapping-02.edges,0.1061869,0.053185272,0.485875706,0.605551969,1.542372881,3
mammalia-voles-rob-trapping-03.edges,0.116903426,0.053198653,0.473809524,0.298387875,1.436363636,3
mammalia-voles-rob-trapping-04.edges,0.10933921,0.037658228,0.585039683,0.17830952,1.4875,3
mammalia-voles-rob-trapping-05.edges,0.078369464,0.036231884,0.367356798,0.107809293,1.231884058,3
mammalia-voles-rob-trapping-06.edges,0.144412487,0.039641944,0.389302968,0.338720103,1.347826087,3
mammalia-voles-rob-trapping-07.edges,0.064887074,0.038112523,0.545155993,0.227272727,1.086206897,3
mammalia-voles-rob-trapping-08.edges,0.040740741,0.035748792,0.427536232,0.229166667,0.804347826,3
mammalia-voles-rob-trapping-09.edges,0.068783069,0.055555556,0.40462963,0.281103286,0.972222222,3
mammalia-voles-rob-trapping-10.edges,0.197129584,0.06271777,0.307936508,0.192743106,1.285714286,3
mammalia-voles-rob-trapping-11.edges,0.221835643,0.068075117,0.584653078,0.319043338,2.416666667,3
mammalia-voles-rob-trapping-12.edges,0.083542343,0.040190375,0.537634409,0.386874046,1.225806452,3
mammalia-voles-rob-trapping-13.edges,0.123557176,0.039009901,0.638528139,0.443005952,1.95049505,3
mammalia-voles-rob-trapping-14.edges,0.099052009,0.045215101,0.530135387,0.414404444,1.514705882,3
mammalia-voles-rob-trapping-15.edges,0.065062389,0.051693405,0.315686275,0.211403509,0.852941176,3
mammalia-voles-rob-trapping-16.edges,0.05747372,0.027409372,0.609537376,0.19515507,1.58974359,3
mammalia-voles-rob-trapping-17.edges,0.036890105,0.028454172,0.452990033,0.646870839,1.209302326,3
mammalia-voles-rob-trapping-18.edges,0.037931408,0.024018176,0.34092827,0.535686275,0.936708861,3
mammalia-voles-rob-trapping-19.edges,0.037361185,0.030142782,0.424731183,0.725829726,0.919354839,3
mammalia-voles-rob-trapping-20.edges,0.066663106,0.037662338,0.380952381,0.20349563,1.035714286,3
mammalia-voles-rob-trapping-21.edges,0.12766026,0.041139241,0.60452381,0.061630767,1.625,3
mammalia-voles-rob-trapping-22.edges,0.095452146,0.028745479,0.576837725,0.433720196,1.466019417,3
mammalia-voles-rob-trapping-23.edges,0.085731173,0.031089109,0.573950967,0.27777995,1.554455446,3
mammalia-voles-rob-trapping-24.edges,0.093973063,0.032821376,0.586637512,0.226257117,1.591836735,3
mammalia-voles-rob-trapping-25.edges,0.07893103,0.036718302,0.448573318,0.593285372,1.523809524,3
mammalia-voles-rob-trapping-26.edges,0.042760943,0.037037037,0.457575758,0.531179901,1,3
mammalia-voles-rob-trapping-27.edges,0.055503759,0.029473684,0.460839599,0.068067611,1.105263158,3
mammalia-voles-rob-trapping-28.edges,0.097259144,0.037022133,0.479342723,0.089442815,1.295774648,3
mammalia-voles-rob-trapping-29.edges,0.048072089,0.027386541,0.391666667,0.230589336,0.972222222,3
mammalia-voles-rob-trapping-30.edges,0.094613913,0.050739958,0.357575758,0.658488714,1.090909091,3
mammalia-voles-rob-trapping-31.edges,0.167619048,0.08,0.16,-0.259259259,0.96,3
mammalia-voles-rob-trapping-32.edges,0.222380952,0.123809524,0.155555556,4.21E-16,0.866666667,3
mammalia-voles-rob-trapping-34.edges,0.733333333,0.5,0.333333333,-0.5625,1,3
mammalia-voles-rob-trapping-37.edges,0.833333333,0.666666667,0.583333333,-0.714285714,1,3
mammalia-voles-rob-trapping-44.edges,0.061576355,0.051724138,0.189655172,0.173611111,0.724137931,3
mammalia-voles-rob-trapping-45.edges,0.131298541,0.052016365,0.476513317,0.224547779,1.508474576,3
mammalia-voles-rob-trapping-46.edges,0.226629835,0.056876457,0.520755171,0.258761832,1.848484848,3
mammalia-voles-rob-trapping-47.edges,0.176905374,0.038712392,0.564957265,0.147051103,1.87755102,3
mammalia-voles-rob-trapping-48.edges,0.086566009,0.046457607,0.24047619,-0.18694362,0.952380952,3
mammalia-voles-rob-trapping-49.edges,0.120380017,0.037756498,0.495127353,0.291798841,1.604651163,3
mammalia-voles-rob-trapping-50.edges,0.077372174,0.032646048,0.544444444,0.337655579,1.567010309,3
mammalia-voles-rob-trapping-51.edges,0.029385965,0.022807018,0.597222222,0.352361183,1.083333333,3
mammalia-voles-rob-trapping-52.edges,0.038897679,0.02943038,0.6075,0.478651978,1.1625,3
mammalia-voles-rob-trapping-53.edges,0.051058201,0.041269841,0.175925926,0.217592593,0.722222222,3
mammalia-voles-rob-trapping-54.edges,0.037257187,0.027505828,0.338383838,0.083139083,0.893939394,3
mammalia-voles-rob-trapping-55.edges,0.065897136,0.045002922,0.521711057,0.190214906,1.305084746,3
mammalia-voles-rob-trapping-56.edges,0.18995098,0.125,0.333333333,0.376146789,1,3
mammalia-voles-rob-trapping-57.edges,0.0976055,0.051209104,0.309649123,0.161250766,0.947368421,3
mammalia-voles-rob-trapping-58.edges,0.076258503,0.044897959,0.433761905,0.231735504,1.1,3
mammalia-voles-rob-trapping-59.edges,0.064122359,0.02833467,0.445210728,0.061723695,1.218390805,3
mammalia-voles-rob-trapping-60.edges,0.066053159,0.029971989,0.441960784,0.383929481,1.258823529,3
mammalia-voles-rob-trapping-61.edges,0.109028034,0.034025896,0.452264808,0.147484034,1.37804878,3
mammalia-voles-rob-trapping-62.edges,0.073441086,0.03652968,0.507240705,0.315062288,1.315068493,3
mammalia-voles-rob-trapping-63.edges,0.097058824,0.049019608,0.447435897,0.228761272,1.25,3
mammalia-voles-rob-trapping-64.edges,0.115128205,0.070769231,0.230769231,0.111111111,0.884615385,3
mammalia-zebra-interaction.edges,0.494776828,0.316239316,0.875914209,0.717702947,4.111111111,3
reptilia-lizard-network-social.edges,0.489336831,0.179661017,0.566180896,0.350034505,5.3,0
reptilia-tortoise-network-bsv-1996.edges,0.126262626,0.106060606,0,0.3,0.583333333,0
reptilia-tortoise-network-bsv-1997.edges,0.209339707,0.034432234,0.357333936,0.430528783,1.79047619,0
reptilia-tortoise-network-bsv-1998.edges,0.246616583,0.048066876,0.339279975,0.473430373,2.090909091,0
reptilia-tortoise-network-bsv-1999.edges,0.111205086,0.044757033,0.412318841,0.578499613,1.52173913,0
reptilia-tortoise-network-cs-2006.edges,0.236111111,0.194444444,0.259259259,-0.037037037,0.777777778,0
reptilia-tortoise-network-cs-2007.edges,0.381190476,0.166666667,0.607142857,0.030860283,1.666666667,0
reptilia-tortoise-network-cs-2008.edges,0.476715686,0.257352941,0.454061625,0.326113117,2.058823529,0
reptilia-tortoise-network-cs-2009.edges,0.178932179,0.116883117,0.363636364,0.383949646,1.227272727,0
reptilia-tortoise-network-cs-2010.edges,0.24365942,0.137681159,0.387896825,0.217879418,1.583333333,0
reptilia-tortoise-network-cs-2011.edges,0.12745098,0.091503268,0.092592593,-0.037037037,0.777777778,0
reptilia-tortoise-network-cs-2012.edges,0.239583333,0.147058824,0.362745098,0.417670683,1.176470588,0
reptilia-tortoise-network-cs-2013.edges,0.154684096,0.104575163,0.259259259,-0.011494253,0.888888889,0
reptilia-tortoise-network-cs-2014.edges,0.062932973,0.04048583,0.175213675,-0.036948749,0.769230769,0
reptilia-tortoise-network-cs-2015.edges,0.104761905,0.095238095,0.2,0.2,0.666666667,0
reptilia-tortoise-network-fi-2005.edges,0.018602694,0.013535354,0.067666667,0.159435442,0.67,0
reptilia-tortoise-network-fi-2006.edges,0.016536021,0.014333707,0.156140351,0.520778735,0.673684211,0
reptilia-tortoise-network-fi-2007.edges,0.049407115,0.04743083,0,-0.090909091,0.52173913,0
reptilia-tortoise-network-fi-2008.edges,0.020362962,0.010475403,0.43112549,0.724108911,1.477031802,0
reptilia-tortoise-network-fi-2009.edges,0.026202367,0.013924794,0.497265317,0.315916844,1.281081081,0
reptilia-tortoise-network-fi-2010.edges,0.017489086,0.01044054,0.154545455,0.338783738,0.798701299,0
reptilia-tortoise-network-fi-2011.edges,0.02310325,0.005028027,0.247992181,0.51537136,1.09610984,0
reptilia-tortoise-network-fi-2012.edges,0.02613177,0.014127682,0.219647696,0.3550799,0.861788618,0
reptilia-tortoise-network-fi-2013.edges,0.045493311,0.023809524,0.212698413,0.271813686,0.988095238,0
reptilia-tortoise-network-hw-2009.edges,0.221212121,0.163636364,0.272727273,-0.542857143,0.818181818,0
reptilia-tortoise-network-hw-2011.edges,0.217592593,0.166666667,0,-0.333333333,0.666666667,0
reptilia-tortoise-network-hw-2012.edges,0.267857143,0.25,0.416666667,0.588235294,0.875,0
reptilia-tortoise-network-lm-1998.edges,0.373717949,0.114102564,0.471987734,0.048409846,2.225,0
reptilia-tortoise-network-lm-1999.edges,0.154176245,0.07816092,0.396666667,-0.054794521,1.133333333,0
reptilia-tortoise-network-mc-2012.edges,0.417582418,0.274725275,0.766666667,-0.101290685,1.785714286,0
reptilia-tortoise-network-mc-2013.edges,0.355769231,0.256410256,0.41025641,0.57591179,1.538461538,0
reptilia-tortoise-network-pv-2005.edges,0.366666667,0.288888889,0.683333333,0.103448276,1.3,0
reptilia-tortoise-network-pv-2008.edges,0.120879121,0.120879121,0.285714286,1,0.785714286,0
reptilia-tortoise-network-pv-2009.edges,0.226190476,0.178571429,0,0.166666667,0.625,0
reptilia-tortoise-network-pv-2010.edges,0.383838384,0.318181818,0.577777778,0.417565485,1.75,0
reptilia-tortoise-network-pv-2011.edges,0.152380952,0.114285714,0.2,0.353293413,0.8,0
reptilia-tortoise-network-pv-2012.edges,0.285839599,0.136842105,0.33,0.00952381,1.3,0
reptilia-tortoise-network-pv-2013.edges,0.194305556,0.133333333,0.375,0.179487179,1,0
reptilia-tortoise-network-sg-1999.edges,0.184958428,0.0995671,0.212121212,0.083857442,1.045454545,0
reptilia-tortoise-network-sg-2000.edges,0.357142857,0.285714286,0.333333333,-0.333333333,0.857142857,0
reptilia-tortoise-network-sl-2012.edges,0.4,0.333333333,0.388888889,-1.20E-15,0.833333333,0
reptilia-tortoise-network-sl-2013.edges,0.342424242,0.236363636,0.636363636,-0.238095238,1.181818182,0
